{"cameraMode":{"drawMode":0,"name":"Shaded","section":"Shading Mode"},"sceneLighting":true,"audioPlay":false,"sceneViewState":{"m_AlwaysRefresh":false,"showFog":true,"showSkybox":true,"showFlares":true,"showImageEffects":true,"showParticleSystems":true,"showVisualEffectGraphs":true,"m_FxEnabled":true},"in2DMode":false,"pivot":{"x":41.06539535522461,"y":5.866863250732422,"z":-11.314984321594239},"rotation":{"x":-0.023429065942764283,"y":-0.08797051012516022,"z":0.021135972812771798,"w":-0.9966107606887817},"size":0.7644442915916443,"orthographic":false}